municipio_norm,municipio_ibge,regiao_intermediaria,regiao_imediata,mesorregiao
ACEGUA,Aceguá,Pelotas,Bagé,Sudoeste Rio-grandense
AGUA SANTA,Água Santa,Passo Fundo,Tapejara - Sananduva,Noroeste Rio-grandense
AGUDO,Agudo,Santa Maria,Santa Maria,Centro Ocidental Rio-grandense
AJURICABA,Ajuricaba,Ijuí,Ijuí,Noroeste Rio-grandense
ALECRIM,Alecrim,Ijuí,Santa Rosa,Noroeste Rio-grandense
ALEGRETE,Alegrete,Uruguaiana,Uruguaiana,Sudoeste Rio-grandense
ALEGRIA,Alegria,Ijuí,Três de Maio,Noroeste Rio-grandense
ALMIRANTE TAMANDARE DO SUL,Almirante Tamandaré do Sul,Passo Fundo,Carazinho,Noroeste Rio-grandense
ALPESTRE,Alpestre,Passo Fundo,Nonoai,Noroeste Rio-grandense
ALTO ALEGRE,Alto Alegre,Passo Fundo,Passo Fundo,Noroeste Rio-grandense
ALTO FELIZ,Alto Feliz,Caxias do Sul,Caxias do Sul,Metropolitana de Porto Alegre
ALVORADA,Alvorada,Porto Alegre,Porto Alegre,Metropolitana de Porto Alegre
AMARAL FERRADOR,Amaral Ferrador,Porto Alegre,Camaquã,Sudeste Rio-grandense
AMETISTA DO SUL,Ametista do Sul,Passo Fundo,Frederico Westphalen,Noroeste Rio-grandense
ANDRE DA ROCHA,André da Rocha,Caxias do Sul,Nova Prata - Guaporé,Nordeste Rio-grandense
ANTA GORDA,Anta Gorda,Santa Cruz do Sul - Lajeado,Encantado,Nordeste Rio-grandense
ANTONIO PRADO,Antônio Prado,Caxias do Sul,Caxias do Sul,Nordeste Rio-grandense
ARAMBARE,Arambaré,Porto Alegre,Camaquã,Metropolitana de Porto Alegre
ARARICA,Araricá,Porto Alegre,Novo Hamburgo - São Leopoldo,Metropolitana de Porto Alegre
ARATIBA,Aratiba,Passo Fundo,Erechim,Noroeste Rio-grandense
ARROIO DO MEIO,Arroio do Meio,Santa Cruz do Sul - Lajeado,Lajeado,Centro Oriental Rio-grandense
ARROIO DO SAL,Arroio do Sal,Porto Alegre,Torres,Metropolitana de Porto Alegre
ARROIO DO PADRE,Arroio do Padre,Pelotas,Pelotas,Sudeste Rio-grandense
ARROIO DOS RATOS,Arroio dos Ratos,Porto Alegre,Porto Alegre,Metropolitana de Porto Alegre
ARROIO DO TIGRE,Arroio do Tigre,Santa Cruz do Sul - Lajeado,Sobradinho,Centro Oriental Rio-grandense
ARROIO GRANDE,Arroio Grande,Pelotas,Pelotas,Sudeste Rio-grandense
ARVOREZINHA,Arvorezinha,Passo Fundo,Soledade,Nordeste Rio-grandense
AUGUSTO PESTANA,Augusto Pestana,Ijuí,Ijuí,Noroeste Rio-grandense
AUREA,Áurea,Passo Fundo,Erechim,Noroeste Rio-grandense
BAGE,Bagé,Pelotas,Bagé,Sudoeste Rio-grandense
BALNEARIO PINHAL,Balneário Pinhal,Porto Alegre,Tramandaí - Osório,Metropolitana de Porto Alegre
BARAO,Barão,Caxias do Sul,Bento Gonçalves,Metropolitana de Porto Alegre
BARAO DE COTEGIPE,Barão de Cotegipe,Passo Fundo,Erechim,Noroeste Rio-grandense
BARAO DO TRIUNFO,Barão do Triunfo,Porto Alegre,Porto Alegre,Metropolitana de Porto Alegre
BARRACAO,Barracão,Passo Fundo,Lagoa Vermelha,Noroeste Rio-grandense
BARRA DO GUARITA,Barra do Guarita,Ijuí,Três Passos,Noroeste Rio-grandense
BARRA DO QUARAI,Barra do Quaraí,Uruguaiana,Uruguaiana,Sudoeste Rio-grandense
BARRA DO RIBEIRO,Barra do Ribeiro,Porto Alegre,Porto Alegre,Metropolitana de Porto Alegre
BARRA DO RIO AZUL,Barra do Rio Azul,Passo Fundo,Erechim,Noroeste Rio-grandense
BARRA FUNDA,Barra Funda,Passo Fundo,Carazinho,Noroeste Rio-grandense
BARROS CASSAL,Barros Cassal,Passo Fundo,Soledade,Noroeste Rio-grandense
BENJAMIN CONSTANT DO SUL,Benjamin Constant do Sul,Passo Fundo,Erechim,Noroeste Rio-grandense
BENTO GONCALVES,Bento Gonçalves,Caxias do Sul,Bento Gonçalves,Nordeste Rio-grandense
BOA VISTA DAS MISSOES,Boa Vista das Missões,Passo Fundo,Frederico Westphalen,Noroeste Rio-grandense
BOA VISTA DO BURICA,Boa Vista do Buricá,Ijuí,Três de Maio,Noroeste Rio-grandense
BOA VISTA DO CADEADO,Boa Vista do Cadeado,Passo Fundo,Cruz Alta,Noroeste Rio-grandense
BOA VISTA DO INCRA,Boa Vista do Incra,Passo Fundo,Cruz Alta,Noroeste Rio-grandense
BOA VISTA DO SUL,Boa Vista do Sul,Caxias do Sul,Bento Gonçalves,Nordeste Rio-grandense
BOM JESUS,Bom Jesus,Caxias do Sul,Vacaria,Nordeste Rio-grandense
BOM PRINCIPIO,Bom Princípio,Porto Alegre,Novo Hamburgo - São Leopoldo,Metropolitana de Porto Alegre
BOM PROGRESSO,Bom Progresso,Ijuí,Três Passos,Noroeste Rio-grandense
BOM RETIRO DO SUL,Bom Retiro do Sul,Santa Cruz do Sul - Lajeado,Lajeado,Centro Oriental Rio-grandense
BOQUEIRAO DO LEAO,Boqueirão do Leão,Santa Cruz do Sul - Lajeado,Lajeado,Centro Oriental Rio-grandense
BOSSOROCA,Bossoroca,Ijuí,São Luiz Gonzaga,Noroeste Rio-grandense
BOZANO,Bozano,Ijuí,Ijuí,Noroeste Rio-grandense
BRAGA,Braga,Ijuí,Três Passos,Noroeste Rio-grandense
BROCHIER,Brochier,Porto Alegre,Montenegro,Metropolitana de Porto Alegre
BUTIA,Butiá,Porto Alegre,Charqueadas - Triunfo - São Jerônimo,Metropolitana de Porto Alegre
CACAPAVA DO SUL,Caçapava do Sul,Santa Maria,São Gabriel - Caçapava do Sul,Sudeste Rio-grandense
CACEQUI,Cacequi,Santa Maria,Santa Maria,Centro Ocidental Rio-grandense
CACHOEIRA DO SUL,Cachoeira do Sul,Santa Maria,Cachoeira do Sul,Centro Oriental Rio-grandense
CACHOEIRINHA,Cachoeirinha,Porto Alegre,Porto Alegre,Metropolitana de Porto Alegre
CACIQUE DOBLE,Cacique Doble,Passo Fundo,Lagoa Vermelha,Noroeste Rio-grandense
CAIBATE,Caibaté,Ijuí,São Luiz Gonzaga,Noroeste Rio-grandense
CAICARA,Caiçara,Passo Fundo,Frederico Westphalen,Noroeste Rio-grandense
CAMAQUA,Camaquã,Porto Alegre,Camaquã,Metropolitana de Porto Alegre
CAMARGO,Camargo,Passo Fundo,Marau,Noroeste Rio-grandense
CAMBARA DO SUL,Cambará do Sul,Caxias do Sul,Caxias do Sul,Nordeste Rio-grandense
CAMPESTRE DA SERRA,Campestre da Serra,Caxias do Sul,Caxias do Sul,Nordeste Rio-grandense
CAMPINA DAS MISSOES,Campina das Missões,Ijuí,Santa Rosa,Noroeste Rio-grandense
CAMPINAS DO SUL,Campinas do Sul,Passo Fundo,Erechim,Noroeste Rio-grandense
CAMPO BOM,Campo Bom,Porto Alegre,Novo Hamburgo - São Leopoldo,Metropolitana de Porto Alegre
CAMPO NOVO,Campo Novo,Ijuí,Três Passos,Noroeste Rio-grandense
CAMPOS BORGES,Campos Borges,Passo Fundo,Passo Fundo,Noroeste Rio-grandense
CANDELARIA,Candelária,Santa Cruz do Sul - Lajeado,Santa Cruz do Sul,Centro Oriental Rio-grandense
CANDIDO GODOI,Cândido Godói,Ijuí,Santa Rosa,Noroeste Rio-grandense
CANDIOTA,Candiota,Pelotas,Bagé,Sudeste Rio-grandense
CANELA,Canela,Caxias do Sul,Caxias do Sul,Metropolitana de Porto Alegre
CANGUCU,Canguçu,Pelotas,Pelotas,Sudeste Rio-grandense
CANOAS,Canoas,Porto Alegre,Porto Alegre,Metropolitana de Porto Alegre
CANUDOS DO VALE,Canudos do Vale,Santa Cruz do Sul - Lajeado,Lajeado,Centro Oriental Rio-grandense
CAPAO BONITO DO SUL,Capão Bonito do Sul,Passo Fundo,Lagoa Vermelha,Nordeste Rio-grandense
CAPAO DA CANOA,Capão da Canoa,Porto Alegre,Tramandaí - Osório,Metropolitana de Porto Alegre
CAPAO DO CIPO,Capão do Cipó,Santa Maria,Santiago,Centro Ocidental Rio-grandense
CAPAO DO LEAO,Capão do Leão,Pelotas,Pelotas,Sudeste Rio-grandense
CAPIVARI DO SUL,Capivari do Sul,Porto Alegre,Porto Alegre,Metropolitana de Porto Alegre
CAPELA DE SANTANA,Capela de Santana,Porto Alegre,Novo Hamburgo - São Leopoldo,Metropolitana de Porto Alegre
CAPITAO,Capitão,Santa Cruz do Sul - Lajeado,Lajeado,Centro Oriental Rio-grandense
CARAZINHO,Carazinho,Passo Fundo,Carazinho,Noroeste Rio-grandense
CARAA,Caraá,Porto Alegre,Porto Alegre,Metropolitana de Porto Alegre
CARLOS BARBOSA,Carlos Barbosa,Caxias do Sul,Bento Gonçalves,Nordeste Rio-grandense
CARLOS GOMES,Carlos Gomes,Passo Fundo,Erechim,Noroeste Rio-grandense
CASCA,Casca,Passo Fundo,Marau,Noroeste Rio-grandense
CASEIROS,Caseiros,Passo Fundo,Lagoa Vermelha,Noroeste Rio-grandense
CATUIPE,Catuípe,Ijuí,Ijuí,Noroeste Rio-grandense
CAXIAS DO SUL,Caxias do Sul,Caxias do Sul,Caxias do Sul,Nordeste Rio-grandense
CENTENARIO,Centenário,Passo Fundo,Erechim,Noroeste Rio-grandense
CERRITO,Cerrito,Pelotas,Pelotas,Sudeste Rio-grandense
CERRO BRANCO,Cerro Branco,Santa Maria,Cachoeira do Sul,Centro Oriental Rio-grandense
CERRO GRANDE,Cerro Grande,Passo Fundo,Palmeira das Missões,Noroeste Rio-grandense
CERRO GRANDE DO SUL,Cerro Grande do Sul,Porto Alegre,Camaquã,Metropolitana de Porto Alegre
CERRO LARGO,Cerro Largo,Ijuí,Cerro Largo,Noroeste Rio-grandense
CHAPADA,Chapada,Passo Fundo,Carazinho,Noroeste Rio-grandense
CHARQUEADAS,Charqueadas,Porto Alegre,Charqueadas - Triunfo - São Jerônimo,Metropolitana de Porto Alegre
CHARRUA,Charrua,Passo Fundo,Tapejara - Sananduva,Noroeste Rio-grandense
CHIAPETTA,Chiapetta,Ijuí,Ijuí,Noroeste Rio-grandense
CHUI,Chuí,Pelotas,Pelotas,Sudeste Rio-grandense
CHUVISCA,Chuvisca,Porto Alegre,Camaquã,Metropolitana de Porto Alegre
CIDREIRA,Cidreira,Porto Alegre,Tramandaí - Osório,Metropolitana de Porto Alegre
CIRIACO,Ciríaco,Passo Fundo,Marau,Noroeste Rio-grandense
COLINAS,Colinas,Santa Cruz do Sul - Lajeado,Lajeado,Centro Oriental Rio-grandense
COLORADO,Colorado,Passo Fundo,Carazinho,Noroeste Rio-grandense
CONDOR,Condor,Ijuí,Ijuí,Noroeste Rio-grandense
CONSTANTINA,Constantina,Passo Fundo,Carazinho,Noroeste Rio-grandense
COQUEIRO BAIXO,Coqueiro Baixo,Santa Cruz do Sul - Lajeado,Lajeado,Centro Oriental Rio-grandense
COQUEIROS DO SUL,Coqueiros do Sul,Passo Fundo,Carazinho,Noroeste Rio-grandense
CORONEL BARROS,Coronel Barros,Ijuí,Ijuí,Noroeste Rio-grandense
CORONEL BICACO,Coronel Bicaco,Ijuí,Ijuí,Noroeste Rio-grandense
CORONEL PILAR,Coronel Pilar,Caxias do Sul,Bento Gonçalves,Nordeste Rio-grandense
COTIPORA,Cotiporã,Caxias do Sul,Bento Gonçalves,Nordeste Rio-grandense
COXILHA,Coxilha,Passo Fundo,Passo Fundo,Noroeste Rio-grandense
CRISSIUMAL,Crissiumal,Ijuí,Três Passos,Noroeste Rio-grandense
CRISTAL,Cristal,Porto Alegre,Camaquã,Sudeste Rio-grandense
CRISTAL DO SUL,Cristal do Sul,Passo Fundo,Frederico Westphalen,Noroeste Rio-grandense
CRUZ ALTA,Cruz Alta,Passo Fundo,Cruz Alta,Noroeste Rio-grandense
CRUZALTENSE,Cruzaltense,Passo Fundo,Erechim,Noroeste Rio-grandense
CRUZEIRO DO SUL,Cruzeiro do Sul,Santa Cruz do Sul - Lajeado,Lajeado,Centro Oriental Rio-grandense
DAVID CANABARRO,David Canabarro,Passo Fundo,Marau,Noroeste Rio-grandense
DERRUBADAS,Derrubadas,Ijuí,Três Passos,Noroeste Rio-grandense
DEZESSEIS DE NOVEMBRO,Dezesseis de Novembro,Ijuí,São Luiz Gonzaga,Noroeste Rio-grandense
DILERMANDO DE AGUIAR,Dilermando de Aguiar,Santa Maria,Santa Maria,Centro Ocidental Rio-grandense
DOIS IRMAOS,Dois Irmãos,Porto Alegre,Novo Hamburgo - São Leopoldo,Metropolitana de Porto Alegre
DOIS IRMAOS DAS MISSOES,Dois Irmãos das Missões,Passo Fundo,Palmeira das Missões,Noroeste Rio-grandense
DOIS LAJEADOS,Dois Lajeados,Caxias do Sul,Nova Prata - Guaporé,Nordeste Rio-grandense
DOM FELICIANO,Dom Feliciano,Porto Alegre,Camaquã,Metropolitana de Porto Alegre
DOM PEDRO DE ALCANTARA,Dom Pedro de Alcântara,Porto Alegre,Torres,Metropolitana de Porto Alegre
DOM PEDRITO,Dom Pedrito,Pelotas,Bagé,Sudoeste Rio-grandense
DONA FRANCISCA,Dona Francisca,Santa Maria,Santa Maria,Centro Ocidental Rio-grandense
DOUTOR MAURICIO CARDOSO,Doutor Maurício Cardoso,Ijuí,Três de Maio,Noroeste Rio-grandense
DOUTOR RICARDO,Doutor Ricardo,Santa Cruz do Sul - Lajeado,Encantado,Centro Oriental Rio-grandense
ELDORADO DO SUL,Eldorado do Sul,Porto Alegre,Porto Alegre,Metropolitana de Porto Alegre
ENCANTADO,Encantado,Santa Cruz do Sul - Lajeado,Encantado,Centro Oriental Rio-grandense
ENCRUZILHADA DO SUL,Encruzilhada do Sul,Santa Cruz do Sul - Lajeado,Santa Cruz do Sul,Sudeste Rio-grandense
ENGENHO VELHO,Engenho Velho,Passo Fundo,Carazinho,Noroeste Rio-grandense
ENTRE IJUIS,Entre-Ijuís,Ijuí,Santo Ângelo,Noroeste Rio-grandense
ENTRE RIOS DO SUL,Entre Rios do Sul,Passo Fundo,Erechim,Noroeste Rio-grandense
EREBANGO,Erebango,Passo Fundo,Erechim,Noroeste Rio-grandense
ERECHIM,Erechim,Passo Fundo,Erechim,Noroeste Rio-grandense
ERNESTINA,Ernestina,Passo Fundo,Passo Fundo,Noroeste Rio-grandense
HERVAL,Herval,Pelotas,Pelotas,Sudeste Rio-grandense
ERVAL GRANDE,Erval Grande,Passo Fundo,Erechim,Noroeste Rio-grandense
ERVAL SECO,Erval Seco,Passo Fundo,Frederico Westphalen,Noroeste Rio-grandense
ESMERALDA,Esmeralda,Caxias do Sul,Vacaria,Nordeste Rio-grandense
ESPERANCA DO SUL,Esperança do Sul,Ijuí,Três Passos,Noroeste Rio-grandense
ESPUMOSO,Espumoso,Passo Fundo,Passo Fundo,Noroeste Rio-grandense
ESTACAO,Estação,Passo Fundo,Erechim,Noroeste Rio-grandense
ESTANCIA VELHA,Estância Velha,Porto Alegre,Novo Hamburgo - São Leopoldo,Metropolitana de Porto Alegre
ESTEIO,Esteio,Porto Alegre,Porto Alegre,Metropolitana de Porto Alegre
ESTRELA,Estrela,Santa Cruz do Sul - Lajeado,Lajeado,Centro Oriental Rio-grandense
ESTRELA VELHA,Estrela Velha,Santa Cruz do Sul - Lajeado,Sobradinho,Centro Oriental Rio-grandense
EUGENIO DE CASTRO,Eugênio de Castro,Ijuí,Santo Ângelo,Noroeste Rio-grandense
FAGUNDES VARELA,Fagundes Varela,Caxias do Sul,Bento Gonçalves,Nordeste Rio-grandense
FARROUPILHA,Farroupilha,Caxias do Sul,Caxias do Sul,Nordeste Rio-grandense
FAXINAL DO SOTURNO,Faxinal do Soturno,Santa Maria,Santa Maria,Centro Ocidental Rio-grandense
FAXINALZINHO,Faxinalzinho,Passo Fundo,Erechim,Noroeste Rio-grandense
FAZENDA VILANOVA,Fazenda Vilanova,Santa Cruz do Sul - Lajeado,Lajeado,Centro Oriental Rio-grandense
FELIZ,Feliz,Caxias do Sul,Caxias do Sul,Metropolitana de Porto Alegre
FLORES DA CUNHA,Flores da Cunha,Caxias do Sul,Caxias do Sul,Nordeste Rio-grandense
FLORIANO PEIXOTO,Floriano Peixoto,Passo Fundo,Erechim,Noroeste Rio-grandense
FONTOURA XAVIER,Fontoura Xavier,Passo Fundo,Soledade,Noroeste Rio-grandense
FORMIGUEIRO,Formigueiro,Santa Maria,Santa Maria,Centro Ocidental Rio-grandense
FORQUETINHA,Forquetinha,Santa Cruz do Sul - Lajeado,Lajeado,Centro Oriental Rio-grandense
FORTALEZA DOS VALOS,Fortaleza dos Valos,Passo Fundo,Cruz Alta,Noroeste Rio-grandense
FREDERICO WESTPHALEN,Frederico Westphalen,Passo Fundo,Frederico Westphalen,Noroeste Rio-grandense
GARIBALDI,Garibaldi,Caxias do Sul,Bento Gonçalves,Nordeste Rio-grandense
GARRUCHOS,Garruchos,Ijuí,São Luiz Gonzaga,Sudoeste Rio-grandense
GAURAMA,Gaurama,Passo Fundo,Erechim,Noroeste Rio-grandense
GENERAL CAMARA,General Câmara,Porto Alegre,Charqueadas - Triunfo - São Jerônimo,Metropolitana de Porto Alegre
GENTIL,Gentil,Passo Fundo,Marau,Noroeste Rio-grandense
GETULIO VARGAS,Getúlio Vargas,Passo Fundo,Erechim,Noroeste Rio-grandense
GIRUA,Giruá,Ijuí,Santo Ângelo,Noroeste Rio-grandense
GLORINHA,Glorinha,Porto Alegre,Porto Alegre,Metropolitana de Porto Alegre
GRAMADO,Gramado,Caxias do Sul,Caxias do Sul,Metropolitana de Porto Alegre
GRAMADO DOS LOUREIROS,Gramado dos Loureiros,Passo Fundo,Nonoai,Noroeste Rio-grandense
GRAMADO XAVIER,Gramado Xavier,Santa Cruz do Sul - Lajeado,Santa Cruz do Sul,Centro Oriental Rio-grandense
GRAVATAI,Gravataí,Porto Alegre,Porto Alegre,Metropolitana de Porto Alegre
GUABIJU,Guabiju,Caxias do Sul,Nova Prata - Guaporé,Nordeste Rio-grandense
GUAIBA,Guaíba,Porto Alegre,Porto Alegre,Metropolitana de Porto Alegre
GUAPORE,Guaporé,Caxias do Sul,Nova Prata - Guaporé,Nordeste Rio-grandense
GUARANI DAS MISSOES,Guarani das Missões,Ijuí,Santo Ângelo,Noroeste Rio-grandense
HARMONIA,Harmonia,Porto Alegre,Novo Hamburgo - São Leopoldo,Metropolitana de Porto Alegre
HERVEIRAS,Herveiras,Santa Cruz do Sul - Lajeado,Santa Cruz do Sul,Centro Oriental Rio-grandense
HORIZONTINA,Horizontina,Ijuí,Três de Maio,Noroeste Rio-grandense
HULHA NEGRA,Hulha Negra,Pelotas,Bagé,Sudoeste Rio-grandense
HUMAITA,Humaitá,Ijuí,Três Passos,Noroeste Rio-grandense
IBARAMA,Ibarama,Santa Cruz do Sul - Lajeado,Sobradinho,Centro Oriental Rio-grandense
IBIACA,Ibiaçá,Passo Fundo,Tapejara - Sananduva,Noroeste Rio-grandense
IBIRAIARAS,Ibiraiaras,Passo Fundo,Lagoa Vermelha,Noroeste Rio-grandense
IBIRAPUITA,Ibirapuitã,Passo Fundo,Soledade,Noroeste Rio-grandense
IBIRUBA,Ibirubá,Passo Fundo,Cruz Alta,Noroeste Rio-grandense
IGREJINHA,Igrejinha,Porto Alegre,Taquara - Parobé - Igrejinha,Metropolitana de Porto Alegre
IJUI,Ijuí,Ijuí,Ijuí,Noroeste Rio-grandense
ILOPOLIS,Ilópolis,Santa Cruz do Sul - Lajeado,Encantado,Nordeste Rio-grandense
IMBE,Imbé,Porto Alegre,Tramandaí - Osório,Metropolitana de Porto Alegre
IMIGRANTE,Imigrante,Santa Cruz do Sul - Lajeado,Lajeado,Centro Oriental Rio-grandense
INDEPENDENCIA,Independência,Ijuí,Três de Maio,Noroeste Rio-grandense
INHACORA,Inhacorá,Ijuí,Ijuí,Noroeste Rio-grandense
IPE,Ipê,Caxias do Sul,Caxias do Sul,Nordeste Rio-grandense
IPIRANGA DO SUL,Ipiranga do Sul,Passo Fundo,Erechim,Noroeste Rio-grandense
IRAI,Iraí,Passo Fundo,Frederico Westphalen,Noroeste Rio-grandense
ITAARA,Itaara,Santa Maria,Santa Maria,Centro Ocidental Rio-grandense
ITACURUBI,Itacurubi,Santa Maria,Santiago,Centro Ocidental Rio-grandense
ITAPUCA,Itapuca,Passo Fundo,Soledade,Nordeste Rio-grandense
ITAQUI,Itaqui,Uruguaiana,São Borja,Sudoeste Rio-grandense
ITATI,Itati,Porto Alegre,Tramandaí - Osório,Metropolitana de Porto Alegre
ITATIBA DO SUL,Itatiba do Sul,Passo Fundo,Erechim,Noroeste Rio-grandense
IVORA,Ivorá,Santa Maria,Santa Maria,Centro Ocidental Rio-grandense
IVOTI,Ivoti,Porto Alegre,Novo Hamburgo - São Leopoldo,Metropolitana de Porto Alegre
JABOTICABA,Jaboticaba,Passo Fundo,Frederico Westphalen,Noroeste Rio-grandense
JACUIZINHO,Jacuizinho,Passo Fundo,Cruz Alta,Noroeste Rio-grandense
JACUTINGA,Jacutinga,Passo Fundo,Erechim,Noroeste Rio-grandense
JAGUARAO,Jaguarão,Pelotas,Pelotas,Sudeste Rio-grandense
JAGUARI,Jaguari,Santa Maria,Santa Maria,Centro Ocidental Rio-grandense
JAQUIRANA,Jaquirana,Caxias do Sul,Vacaria,Nordeste Rio-grandense
JARI,Jari,Santa Maria,Santa Maria,Centro Ocidental Rio-grandense
JOIA,Jóia,Ijuí,Ijuí,Noroeste Rio-grandense
JULIO DE CASTILHOS,Júlio de Castilhos,Santa Maria,Santa Maria,Centro Ocidental Rio-grandense
LAGOA BONITA DO SUL,Lagoa Bonita do Sul,Santa Cruz do Sul - Lajeado,Sobradinho,Centro Oriental Rio-grandense
LAGOAO,Lagoão,Santa Cruz do Sul - Lajeado,Sobradinho,Noroeste Rio-grandense
LAGOA DOS TRES CANTOS,Lagoa dos Três Cantos,Passo Fundo,Passo Fundo,Noroeste Rio-grandense
LAGOA VERMELHA,Lagoa Vermelha,Passo Fundo,Lagoa Vermelha,Nordeste Rio-grandense
LAJEADO,Lajeado,Santa Cruz do Sul - Lajeado,Lajeado,Centro Oriental Rio-grandense
LAJEADO DO BUGRE,Lajeado do Bugre,Passo Fundo,Palmeira das Missões,Noroeste Rio-grandense
LAVRAS DO SUL,Lavras do Sul,Santa Maria,São Gabriel - Caçapava do Sul,Sudoeste Rio-grandense
LIBERATO SALZANO,Liberato Salzano,Passo Fundo,Frederico Westphalen,Noroeste Rio-grandense
LINDOLFO COLLOR,Lindolfo Collor,Porto Alegre,Novo Hamburgo - São Leopoldo,Metropolitana de Porto Alegre
LINHA NOVA,Linha Nova,Porto Alegre,Novo Hamburgo - São Leopoldo,Metropolitana de Porto Alegre
MACHADINHO,Machadinho,Passo Fundo,Lagoa Vermelha,Noroeste Rio-grandense
MACAMBARA,Maçambará,Uruguaiana,São Borja,Sudoeste Rio-grandense
MAMPITUBA,Mampituba,Porto Alegre,Torres,Metropolitana de Porto Alegre
MANOEL VIANA,Manoel Viana,Uruguaiana,Uruguaiana,Sudoeste Rio-grandense
MAQUINE,Maquiné,Porto Alegre,Tramandaí - Osório,Metropolitana de Porto Alegre
MARATA,Maratá,Porto Alegre,Montenegro,Metropolitana de Porto Alegre
MARAU,Marau,Passo Fundo,Marau,Noroeste Rio-grandense
MARCELINO RAMOS,Marcelino Ramos,Passo Fundo,Erechim,Noroeste Rio-grandense
MARIANA PIMENTEL,Mariana Pimentel,Porto Alegre,Porto Alegre,Metropolitana de Porto Alegre
MARIANO MORO,Mariano Moro,Passo Fundo,Erechim,Noroeste Rio-grandense
MARQUES DE SOUZA,Marques de Souza,Santa Cruz do Sul - Lajeado,Lajeado,Centro Oriental Rio-grandense
MATA,Mata,Santa Maria,Santa Maria,Centro Ocidental Rio-grandense
MATO CASTELHANO,Mato Castelhano,Passo Fundo,Passo Fundo,Noroeste Rio-grandense
MATO LEITAO,Mato Leitão,Santa Cruz do Sul - Lajeado,Santa Cruz do Sul,Centro Oriental Rio-grandense
MATO QUEIMADO,Mato Queimado,Ijuí,Cerro Largo,Noroeste Rio-grandense
MAXIMILIANO DE ALMEIDA,Maximiliano de Almeida,Passo Fundo,Tapejara - Sananduva,Noroeste Rio-grandense
MINAS DO LEAO,Minas do Leão,Porto Alegre,Charqueadas - Triunfo - São Jerônimo,Metropolitana de Porto Alegre
MIRAGUAI,Miraguaí,Ijuí,Três Passos,Noroeste Rio-grandense
MONTAURI,Montauri,Caxias do Sul,Nova Prata - Guaporé,Nordeste Rio-grandense
MONTE ALEGRE DOS CAMPOS,Monte Alegre dos Campos,Caxias do Sul,Vacaria,Nordeste Rio-grandense
MONTE BELO DO SUL,Monte Belo do Sul,Caxias do Sul,Bento Gonçalves,Nordeste Rio-grandense
MONTENEGRO,Montenegro,Porto Alegre,Montenegro,Metropolitana de Porto Alegre
MORMACO,Mormaço,Passo Fundo,Soledade,Noroeste Rio-grandense
MORRINHOS DO SUL,Morrinhos do Sul,Porto Alegre,Torres,Metropolitana de Porto Alegre
MORRO REDONDO,Morro Redondo,Pelotas,Pelotas,Sudeste Rio-grandense
MORRO REUTER,Morro Reuter,Porto Alegre,Novo Hamburgo - São Leopoldo,Metropolitana de Porto Alegre
MOSTARDAS,Mostardas,Porto Alegre,Porto Alegre,Metropolitana de Porto Alegre
MUCUM,Muçum,Santa Cruz do Sul - Lajeado,Encantado,Centro Oriental Rio-grandense
MUITOS CAPOES,Muitos Capões,Caxias do Sul,Vacaria,Nordeste Rio-grandense
MULITERNO,Muliterno,Passo Fundo,Marau,Noroeste Rio-grandense
NAO ME TOQUE,Não-Me-Toque,Passo Fundo,Carazinho,Noroeste Rio-grandense
NICOLAU VERGUEIRO,Nicolau Vergueiro,Passo Fundo,Passo Fundo,Noroeste Rio-grandense
NONOAI,Nonoai,Passo Fundo,Nonoai,Noroeste Rio-grandense
NOVA ALVORADA,Nova Alvorada,Passo Fundo,Marau,Nordeste Rio-grandense
NOVA ARACA,Nova Araçá,Caxias do Sul,Nova Prata - Guaporé,Nordeste Rio-grandense
NOVA BASSANO,Nova Bassano,Caxias do Sul,Nova Prata - Guaporé,Nordeste Rio-grandense
NOVA BOA VISTA,Nova Boa Vista,Passo Fundo,Carazinho,Noroeste Rio-grandense
NOVA BRESCIA,Nova Bréscia,Santa Cruz do Sul - Lajeado,Encantado,Centro Oriental Rio-grandense
NOVA CANDELARIA,Nova Candelária,Ijuí,Três de Maio,Noroeste Rio-grandense
NOVA ESPERANCA DO SUL,Nova Esperança do Sul,Santa Maria,Santiago,Centro Ocidental Rio-grandense
NOVA HARTZ,Nova Hartz,Porto Alegre,Novo Hamburgo - São Leopoldo,Metropolitana de Porto Alegre
NOVA PADUA,Nova Pádua,Caxias do Sul,Caxias do Sul,Nordeste Rio-grandense
NOVA PALMA,Nova Palma,Santa Maria,Santa Maria,Centro Ocidental Rio-grandense
NOVA PETROPOLIS,Nova Petrópolis,Caxias do Sul,Caxias do Sul,Metropolitana de Porto Alegre
NOVA PRATA,Nova Prata,Caxias do Sul,Nova Prata - Guaporé,Nordeste Rio-grandense
NOVA RAMADA,Nova Ramada,Ijuí,Ijuí,Noroeste Rio-grandense
NOVA ROMA DO SUL,Nova Roma do Sul,Caxias do Sul,Caxias do Sul,Nordeste Rio-grandense
NOVA SANTA RITA,Nova Santa Rita,Porto Alegre,Porto Alegre,Metropolitana de Porto Alegre
NOVO CABRAIS,Novo Cabrais,Santa Maria,Cachoeira do Sul,Centro Oriental Rio-grandense
NOVO HAMBURGO,Novo Hamburgo,Porto Alegre,Novo Hamburgo - São Leopoldo,Metropolitana de Porto Alegre
NOVO MACHADO,Novo Machado,Ijuí,Santa Rosa,Noroeste Rio-grandense
NOVO TIRADENTES,Novo Tiradentes,Passo Fundo,Frederico Westphalen,Noroeste Rio-grandense
NOVO XINGU,Novo Xingu,Passo Fundo,Carazinho,Noroeste Rio-grandense
NOVO BARREIRO,Novo Barreiro,Passo Fundo,Palmeira das Missões,Noroeste Rio-grandense
OSORIO,Osório,Porto Alegre,Tramandaí - Osório,Metropolitana de Porto Alegre
PAIM FILHO,Paim Filho,Passo Fundo,Tapejara - Sananduva,Noroeste Rio-grandense
PALMARES DO SUL,Palmares do Sul,Porto Alegre,Porto Alegre,Metropolitana de Porto Alegre
PALMEIRA DAS MISSOES,Palmeira das Missões,Passo Fundo,Palmeira das Missões,Noroeste Rio-grandense
PALMITINHO,Palmitinho,Passo Fundo,Frederico Westphalen,Noroeste Rio-grandense
PANAMBI,Panambi,Ijuí,Ijuí,Noroeste Rio-grandense
PANTANO GRANDE,Pantano Grande,Santa Cruz do Sul - Lajeado,Santa Cruz do Sul,Centro Oriental Rio-grandense
PARAI,Paraí,Caxias do Sul,Nova Prata - Guaporé,Nordeste Rio-grandense
PARAISO DO SUL,Paraíso do Sul,Santa Maria,Cachoeira do Sul,Centro Oriental Rio-grandense
PARECI NOVO,Pareci Novo,Porto Alegre,Montenegro,Metropolitana de Porto Alegre
PAROBE,Parobé,Porto Alegre,Taquara - Parobé - Igrejinha,Metropolitana de Porto Alegre
PASSA SETE,Passa Sete,Santa Cruz do Sul - Lajeado,Sobradinho,Centro Oriental Rio-grandense
PASSO DO SOBRADO,Passo do Sobrado,Santa Cruz do Sul - Lajeado,Santa Cruz do Sul,Centro Oriental Rio-grandense
PASSO FUNDO,Passo Fundo,Passo Fundo,Passo Fundo,Noroeste Rio-grandense
PAULO BENTO,Paulo Bento,Passo Fundo,Erechim,Noroeste Rio-grandense
PAVERAMA,Paverama,Santa Cruz do Sul - Lajeado,Lajeado,Centro Oriental Rio-grandense
PEDRAS ALTAS,Pedras Altas,Pelotas,Bagé,Sudeste Rio-grandense
PEDRO OSORIO,Pedro Osório,Pelotas,Pelotas,Sudeste Rio-grandense
PEJUCARA,Pejuçara,Ijuí,Ijuí,Noroeste Rio-grandense
PELOTAS,Pelotas,Pelotas,Pelotas,Sudeste Rio-grandense
PICADA CAFE,Picada Café,Caxias do Sul,Caxias do Sul,Metropolitana de Porto Alegre
PINHAL,Pinhal,Passo Fundo,Frederico Westphalen,Noroeste Rio-grandense
PINHAL DA SERRA,Pinhal da Serra,Caxias do Sul,Vacaria,Nordeste Rio-grandense
PINHAL GRANDE,Pinhal Grande,Santa Maria,Santa Maria,Centro Ocidental Rio-grandense
PINHEIRINHO DO VALE,Pinheirinho do Vale,Passo Fundo,Frederico Westphalen,Noroeste Rio-grandense
PINHEIRO MACHADO,Pinheiro Machado,Pelotas,Bagé,Sudeste Rio-grandense
PINTO BANDEIRA,Pinto Bandeira,Caxias do Sul,Bento Gonçalves,Nordeste Rio-grandense
PIRAPO,Pirapó,Ijuí,São Luiz Gonzaga,Noroeste Rio-grandense
PIRATINI,Piratini,Pelotas,Pelotas,Sudeste Rio-grandense
PLANALTO,Planalto,Passo Fundo,Nonoai,Noroeste Rio-grandense
POCO DAS ANTAS,Poço das Antas,Santa Cruz do Sul - Lajeado,Lajeado,Metropolitana de Porto Alegre
PONTAO,Pontão,Passo Fundo,Passo Fundo,Noroeste Rio-grandense
PONTE PRETA,Ponte Preta,Passo Fundo,Erechim,Noroeste Rio-grandense
PORTAO,Portão,Porto Alegre,Novo Hamburgo - São Leopoldo,Metropolitana de Porto Alegre
PORTO ALEGRE,Porto Alegre,Porto Alegre,Porto Alegre,Metropolitana de Porto Alegre
PORTO LUCENA,Porto Lucena,Ijuí,Santa Rosa,Noroeste Rio-grandense
PORTO MAUA,Porto Mauá,Ijuí,Santa Rosa,Noroeste Rio-grandense
PORTO VERA CRUZ,Porto Vera Cruz,Ijuí,Santa Rosa,Noroeste Rio-grandense
PORTO XAVIER,Porto Xavier,Ijuí,Cerro Largo,Noroeste Rio-grandense
POUSO NOVO,Pouso Novo,Santa Cruz do Sul - Lajeado,Lajeado,Centro Oriental Rio-grandense
PRESIDENTE LUCENA,Presidente Lucena,Porto Alegre,Novo Hamburgo - São Leopoldo,Metropolitana de Porto Alegre
PROGRESSO,Progresso,Santa Cruz do Sul - Lajeado,Lajeado,Centro Oriental Rio-grandense
PROTASIO ALVES,Protásio Alves,Caxias do Sul,Nova Prata - Guaporé,Nordeste Rio-grandense
PUTINGA,Putinga,Santa Cruz do Sul - Lajeado,Encantado,Nordeste Rio-grandense
QUARAI,Quaraí,Uruguaiana,Santana do Livramento,Sudoeste Rio-grandense
QUATRO IRMAOS,Quatro Irmãos,Passo Fundo,Erechim,Noroeste Rio-grandense
QUEVEDOS,Quevedos,Santa Maria,Santa Maria,Centro Ocidental Rio-grandense
QUINZE DE NOVEMBRO,Quinze de Novembro,Passo Fundo,Cruz Alta,Noroeste Rio-grandense
REDENTORA,Redentora,Ijuí,Três Passos,Noroeste Rio-grandense
RELVADO,Relvado,Santa Cruz do Sul - Lajeado,Encantado,Centro Oriental Rio-grandense
RESTINGA SECA,Restinga Sêca,Santa Maria,Santa Maria,Centro Ocidental Rio-grandense
RIO DOS INDIOS,Rio dos Índios,Passo Fundo,Nonoai,Noroeste Rio-grandense
RIO GRANDE,Rio Grande,Pelotas,Pelotas,Sudeste Rio-grandense
RIO PARDO,Rio Pardo,Santa Cruz do Sul - Lajeado,Santa Cruz do Sul,Centro Oriental Rio-grandense
RIOZINHO,Riozinho,Porto Alegre,Taquara - Parobé - Igrejinha,Metropolitana de Porto Alegre
ROCA SALES,Roca Sales,Santa Cruz do Sul - Lajeado,Encantado,Centro Oriental Rio-grandense
RODEIO BONITO,Rodeio Bonito,Passo Fundo,Frederico Westphalen,Noroeste Rio-grandense
ROLADOR,Rolador,Ijuí,São Luiz Gonzaga,Noroeste Rio-grandense
ROLANTE,Rolante,Porto Alegre,Taquara - Parobé - Igrejinha,Metropolitana de Porto Alegre
RONDA ALTA,Ronda Alta,Passo Fundo,Passo Fundo,Noroeste Rio-grandense
RONDINHA,Rondinha,Passo Fundo,Carazinho,Noroeste Rio-grandense
ROQUE GONZALES,Roque Gonzales,Ijuí,Cerro Largo,Noroeste Rio-grandense
ROSARIO DO SUL,Rosário do Sul,Uruguaiana,Santana do Livramento,Sudoeste Rio-grandense
SAGRADA FAMILIA,Sagrada Família,Passo Fundo,Palmeira das Missões,Noroeste Rio-grandense
SALDANHA MARINHO,Saldanha Marinho,Passo Fundo,Carazinho,Noroeste Rio-grandense
SALTO DO JACUI,Salto do Jacuí,Passo Fundo,Cruz Alta,Noroeste Rio-grandense
SALVADOR DAS MISSOES,Salvador das Missões,Ijuí,Cerro Largo,Noroeste Rio-grandense
SALVADOR DO SUL,Salvador do Sul,Porto Alegre,Montenegro,Metropolitana de Porto Alegre
SANANDUVA,Sananduva,Passo Fundo,Tapejara - Sananduva,Noroeste Rio-grandense
SANTA BARBARA DO SUL,Santa Bárbara do Sul,Passo Fundo,Cruz Alta,Noroeste Rio-grandense
SANTA CECILIA DO SUL,Santa Cecília do Sul,Passo Fundo,Tapejara - Sananduva,Noroeste Rio-grandense
SANTA CLARA DO SUL,Santa Clara do Sul,Santa Cruz do Sul - Lajeado,Lajeado,Centro Oriental Rio-grandense
SANTA CRUZ DO SUL,Santa Cruz do Sul,Santa Cruz do Sul - Lajeado,Santa Cruz do Sul,Centro Oriental Rio-grandense
SANTA MARIA,Santa Maria,Santa Maria,Santa Maria,Centro Ocidental Rio-grandense
SANTA MARIA DO HERVAL,Santa Maria do Herval,Porto Alegre,Novo Hamburgo - São Leopoldo,Metropolitana de Porto Alegre
SANTA MARGARIDA DO SUL,Santa Margarida do Sul,Santa Maria,São Gabriel - Caçapava do Sul,Sudoeste Rio-grandense
SANTANA DA BOA VISTA,Santana da Boa Vista,Santa Maria,São Gabriel - Caçapava do Sul,Sudeste Rio-grandense
SANTANA DO LIVRAMENTO,Sant'Ana do Livramento,Uruguaiana,Santana do Livramento,Sudoeste Rio-grandense
SANTA ROSA,Santa Rosa,Ijuí,Santa Rosa,Noroeste Rio-grandense
SANTA TEREZA,Santa Tereza,Caxias do Sul,Bento Gonçalves,Nordeste Rio-grandense
SANTA VITORIA DO PALMAR,Santa Vitória do Palmar,Pelotas,Pelotas,Sudeste Rio-grandense
SANTIAGO,Santiago,Santa Maria,Santiago,Centro Ocidental Rio-grandense
SANTO ANGELO,Santo Ângelo,Ijuí,Santo Ângelo,Noroeste Rio-grandense
SANTO ANTONIO DO PALMA,Santo Antônio do Palma,Passo Fundo,Marau,Noroeste Rio-grandense
SANTO ANTONIO DA PATRULHA,Santo Antônio da Patrulha,Porto Alegre,Porto Alegre,Metropolitana de Porto Alegre
SANTO ANTONIO DAS MISSOES,Santo Antônio das Missões,Ijuí,São Luiz Gonzaga,Noroeste Rio-grandense
SANTO ANTONIO DO PLANALTO,Santo Antônio do Planalto,Passo Fundo,Carazinho,Noroeste Rio-grandense
SANTO AUGUSTO,Santo Augusto,Ijuí,Ijuí,Noroeste Rio-grandense
SANTO CRISTO,Santo Cristo,Ijuí,Santa Rosa,Noroeste Rio-grandense
SANTO EXPEDITO DO SUL,Santo Expedito do Sul,Passo Fundo,Tapejara - Sananduva,Noroeste Rio-grandense
SAO BORJA,São Borja,Uruguaiana,São Borja,Sudoeste Rio-grandense
SAO DOMINGOS DO SUL,São Domingos do Sul,Passo Fundo,Marau,Noroeste Rio-grandense
SAO FRANCISCO DE ASSIS,São Francisco de Assis,Santa Maria,Santa Maria,Sudoeste Rio-grandense
SAO FRANCISCO DE PAULA,São Francisco de Paula,Caxias do Sul,Caxias do Sul,Nordeste Rio-grandense
SAO GABRIEL,São Gabriel,Santa Maria,São Gabriel - Caçapava do Sul,Sudoeste Rio-grandense
SAO JERONIMO,São Jerônimo,Porto Alegre,Charqueadas - Triunfo - São Jerônimo,Metropolitana de Porto Alegre
SAO JOAO DA URTIGA,São João da Urtiga,Passo Fundo,Tapejara - Sananduva,Noroeste Rio-grandense
SAO JOAO DO POLESINE,São João do Polêsine,Santa Maria,Santa Maria,Centro Ocidental Rio-grandense
SAO JORGE,São Jorge,Caxias do Sul,Nova Prata - Guaporé,Nordeste Rio-grandense
SAO JOSE DAS MISSOES,São José das Missões,Passo Fundo,Palmeira das Missões,Noroeste Rio-grandense
SAO JOSE DO HERVAL,São José do Herval,Passo Fundo,Soledade,Noroeste Rio-grandense
SAO JOSE DO HORTENCIO,São José do Hortêncio,Porto Alegre,Novo Hamburgo - São Leopoldo,Metropolitana de Porto Alegre
SAO JOSE DO INHACORA,São José do Inhacorá,Ijuí,Três de Maio,Noroeste Rio-grandense
SAO JOSE DO NORTE,São José do Norte,Pelotas,Pelotas,Sudeste Rio-grandense
SAO JOSE DO OURO,São José do Ouro,Passo Fundo,Lagoa Vermelha,Noroeste Rio-grandense
SAO JOSE DO SUL,São José do Sul,Porto Alegre,Montenegro,Metropolitana de Porto Alegre
SAO JOSE DOS AUSENTES,São José dos Ausentes,Caxias do Sul,Vacaria,Nordeste Rio-grandense
SAO LEOPOLDO,São Leopoldo,Porto Alegre,Novo Hamburgo - São Leopoldo,Metropolitana de Porto Alegre
SAO LOURENCO DO SUL,São Lourenço do Sul,Pelotas,Pelotas,Sudeste Rio-grandense
SAO LUIZ GONZAGA,São Luiz Gonzaga,Ijuí,São Luiz Gonzaga,Noroeste Rio-grandense
SAO MARCOS,São Marcos,Caxias do Sul,Caxias do Sul,Nordeste Rio-grandense
SAO MARTINHO,São Martinho,Ijuí,Três Passos,Noroeste Rio-grandense
SAO MARTINHO DA SERRA,São Martinho da Serra,Santa Maria,Santa Maria,Centro Ocidental Rio-grandense
SAO MIGUEL DAS MISSOES,São Miguel das Missões,Ijuí,Santo Ângelo,Noroeste Rio-grandense
SAO NICOLAU,São Nicolau,Ijuí,São Luiz Gonzaga,Noroeste Rio-grandense
SAO PAULO DAS MISSOES,São Paulo das Missões,Ijuí,Cerro Largo,Noroeste Rio-grandense
SAO PEDRO DA SERRA,São Pedro da Serra,Porto Alegre,Montenegro,Metropolitana de Porto Alegre
SAO PEDRO DAS MISSOES,São Pedro das Missões,Passo Fundo,Palmeira das Missões,Noroeste Rio-grandense
SAO PEDRO DO BUTIA,São Pedro do Butiá,Ijuí,Cerro Largo,Noroeste Rio-grandense
SAO PEDRO DO SUL,São Pedro do Sul,Santa Maria,Santa Maria,Centro Ocidental Rio-grandense
SAO SEBASTIAO DO CAI,São Sebastião do Caí,Porto Alegre,Novo Hamburgo - São Leopoldo,Metropolitana de Porto Alegre
SAO SEPE,São Sepé,Santa Maria,Santa Maria,Centro Ocidental Rio-grandense
SAO VALENTIM,São Valentim,Passo Fundo,Erechim,Noroeste Rio-grandense
SAO VALENTIM DO SUL,São Valentim do Sul,Caxias do Sul,Bento Gonçalves,Nordeste Rio-grandense
SAO VALERIO DO SUL,São Valério do Sul,Ijuí,Ijuí,Noroeste Rio-grandense
SAO VENDELINO,São Vendelino,Porto Alegre,Novo Hamburgo - São Leopoldo,Metropolitana de Porto Alegre
SAO VICENTE DO SUL,São Vicente do Sul,Santa Maria,Santa Maria,Centro Ocidental Rio-grandense
SAPIRANGA,Sapiranga,Porto Alegre,Novo Hamburgo - São Leopoldo,Metropolitana de Porto Alegre
SAPUCAIA DO SUL,Sapucaia do Sul,Porto Alegre,Porto Alegre,Metropolitana de Porto Alegre
SARANDI,Sarandi,Passo Fundo,Carazinho,Noroeste Rio-grandense
SEBERI,Seberi,Passo Fundo,Frederico Westphalen,Noroeste Rio-grandense
SEDE NOVA,Sede Nova,Ijuí,Três Passos,Noroeste Rio-grandense
SEGREDO,Segredo,Santa Cruz do Sul - Lajeado,Sobradinho,Centro Oriental Rio-grandense
SELBACH,Selbach,Passo Fundo,Cruz Alta,Noroeste Rio-grandense
SENADOR SALGADO FILHO,Senador Salgado Filho,Ijuí,Santa Rosa,Noroeste Rio-grandense
SENTINELA DO SUL,Sentinela do Sul,Porto Alegre,Camaquã,Metropolitana de Porto Alegre
SERAFINA CORREA,Serafina Corrêa,Caxias do Sul,Nova Prata - Guaporé,Nordeste Rio-grandense
SERIO,Sério,Santa Cruz do Sul - Lajeado,Lajeado,Centro Oriental Rio-grandense
SERTAO,Sertão,Passo Fundo,Passo Fundo,Noroeste Rio-grandense
SERTAO SANTANA,Sertão Santana,Porto Alegre,Porto Alegre,Metropolitana de Porto Alegre
SETE DE SETEMBRO,Sete de Setembro,Ijuí,Santo Ângelo,Noroeste Rio-grandense
SEVERIANO DE ALMEIDA,Severiano de Almeida,Passo Fundo,Erechim,Noroeste Rio-grandense
SILVEIRA MARTINS,Silveira Martins,Santa Maria,Santa Maria,Centro Ocidental Rio-grandense
SINIMBU,Sinimbu,Santa Cruz do Sul - Lajeado,Santa Cruz do Sul,Centro Oriental Rio-grandense
SOBRADINHO,Sobradinho,Santa Cruz do Sul - Lajeado,Sobradinho,Centro Oriental Rio-grandense
SOLEDADE,Soledade,Passo Fundo,Soledade,Noroeste Rio-grandense
TABAI,Tabaí,Santa Cruz do Sul - Lajeado,Lajeado,Centro Oriental Rio-grandense
TAPEJARA,Tapejara,Passo Fundo,Tapejara - Sananduva,Noroeste Rio-grandense
TAPERA,Tapera,Passo Fundo,Passo Fundo,Noroeste Rio-grandense
TAPES,Tapes,Porto Alegre,Camaquã,Metropolitana de Porto Alegre
TAQUARA,Taquara,Porto Alegre,Taquara - Parobé - Igrejinha,Metropolitana de Porto Alegre
TAQUARI,Taquari,Santa Cruz do Sul - Lajeado,Lajeado,Centro Oriental Rio-grandense
TAQUARUCU DO SUL,Taquaruçu do Sul,Passo Fundo,Frederico Westphalen,Noroeste Rio-grandense
TAVARES,Tavares,Porto Alegre,Porto Alegre,Metropolitana de Porto Alegre
TENENTE PORTELA,Tenente Portela,Ijuí,Três Passos,Noroeste Rio-grandense
TERRA DE AREIA,Terra de Areia,Porto Alegre,Tramandaí - Osório,Metropolitana de Porto Alegre
TEUTONIA,Teutônia,Santa Cruz do Sul - Lajeado,Lajeado,Centro Oriental Rio-grandense
TIO HUGO,Tio Hugo,Passo Fundo,Passo Fundo,Noroeste Rio-grandense
TIRADENTES DO SUL,Tiradentes do Sul,Ijuí,Três Passos,Noroeste Rio-grandense
TOROPI,Toropi,Santa Maria,Santa Maria,Centro Ocidental Rio-grandense
TORRES,Torres,Porto Alegre,Torres,Metropolitana de Porto Alegre
TRAMANDAI,Tramandaí,Porto Alegre,Tramandaí - Osório,Metropolitana de Porto Alegre
TRAVESSEIRO,Travesseiro,Santa Cruz do Sul - Lajeado,Lajeado,Centro Oriental Rio-grandense
TRES ARROIOS,Três Arroios,Passo Fundo,Erechim,Noroeste Rio-grandense
TRES CACHOEIRAS,Três Cachoeiras,Porto Alegre,Torres,Metropolitana de Porto Alegre
TRES COROAS,Três Coroas,Porto Alegre,Taquara - Parobé - Igrejinha,Metropolitana de Porto Alegre
TRES DE MAIO,Três de Maio,Ijuí,Três de Maio,Noroeste Rio-grandense
TRES FORQUILHAS,Três Forquilhas,Porto Alegre,Torres,Metropolitana de Porto Alegre
TRES PALMEIRAS,Três Palmeiras,Passo Fundo,Passo Fundo,Noroeste Rio-grandense
TRES PASSOS,Três Passos,Ijuí,Três Passos,Noroeste Rio-grandense
TRINDADE DO SUL,Trindade do Sul,Passo Fundo,Nonoai,Noroeste Rio-grandense
TRIUNFO,Triunfo,Porto Alegre,Charqueadas - Triunfo - São Jerônimo,Metropolitana de Porto Alegre
TUCUNDUVA,Tucunduva,Ijuí,Santa Rosa,Noroeste Rio-grandense
TUNAS,Tunas,Santa Cruz do Sul - Lajeado,Sobradinho,Noroeste Rio-grandense
TUPANCI DO SUL,Tupanci do Sul,Passo Fundo,Lagoa Vermelha,Noroeste Rio-grandense
TUPANCIRETA,Tupanciretã,Passo Fundo,Cruz Alta,Centro Ocidental Rio-grandense
TUPANDI,Tupandi,Porto Alegre,Novo Hamburgo - São Leopoldo,Metropolitana de Porto Alegre
TUPARENDI,Tuparendi,Ijuí,Santa Rosa,Noroeste Rio-grandense
TURUCU,Turuçu,Pelotas,Pelotas,Sudeste Rio-grandense
UBIRETAMA,Ubiretama,Ijuí,Cerro Largo,Noroeste Rio-grandense
UNIAO DA SERRA,União da Serra,Caxias do Sul,Nova Prata - Guaporé,Nordeste Rio-grandense
UNISTALDA,Unistalda,Santa Maria,Santiago,Centro Ocidental Rio-grandense
URUGUAIANA,Uruguaiana,Uruguaiana,Uruguaiana,Sudoeste Rio-grandense
VACARIA,Vacaria,Caxias do Sul,Vacaria,Nordeste Rio-grandense
VALE VERDE,Vale Verde,Santa Cruz do Sul - Lajeado,Santa Cruz do Sul,Metropolitana de Porto Alegre
VALE DO SOL,Vale do Sol,Santa Cruz do Sul - Lajeado,Santa Cruz do Sul,Centro Oriental Rio-grandense
VALE REAL,Vale Real,Caxias do Sul,Caxias do Sul,Metropolitana de Porto Alegre
VANINI,Vanini,Passo Fundo,Marau,Noroeste Rio-grandense
VENANCIO AIRES,Venâncio Aires,Santa Cruz do Sul - Lajeado,Santa Cruz do Sul,Centro Oriental Rio-grandense
VERA CRUZ,Vera Cruz,Santa Cruz do Sul - Lajeado,Santa Cruz do Sul,Centro Oriental Rio-grandense
VERANOPOLIS,Veranópolis,Caxias do Sul,Bento Gonçalves,Nordeste Rio-grandense
VESPASIANO CORREA,Vespasiano Corrêa,Santa Cruz do Sul - Lajeado,Encantado,Centro Oriental Rio-grandense
VIADUTOS,Viadutos,Passo Fundo,Erechim,Noroeste Rio-grandense
VIAMAO,Viamão,Porto Alegre,Porto Alegre,Metropolitana de Porto Alegre
VICENTE DUTRA,Vicente Dutra,Passo Fundo,Frederico Westphalen,Noroeste Rio-grandense
VICTOR GRAEFF,Victor Graeff,Passo Fundo,Passo Fundo,Noroeste Rio-grandense
VILA FLORES,Vila Flores,Caxias do Sul,Bento Gonçalves,Nordeste Rio-grandense
VILA LANGARO,Vila Lângaro,Passo Fundo,Tapejara - Sananduva,Noroeste Rio-grandense
VILA MARIA,Vila Maria,Passo Fundo,Marau,Noroeste Rio-grandense
VILA NOVA DO SUL,Vila Nova do Sul,Santa Maria,São Gabriel - Caçapava do Sul,Centro Ocidental Rio-grandense
VISTA ALEGRE,Vista Alegre,Passo Fundo,Frederico Westphalen,Noroeste Rio-grandense
VISTA ALEGRE DO PRATA,Vista Alegre do Prata,Caxias do Sul,Nova Prata - Guaporé,Nordeste Rio-grandense
VISTA GAUCHA,Vista Gaúcha,Ijuí,Três Passos,Noroeste Rio-grandense
VITORIA DAS MISSOES,Vitória das Missões,Ijuí,Santo Ângelo,Noroeste Rio-grandense
WESTFALIA,Westfália,Santa Cruz do Sul - Lajeado,Lajeado,Centro Oriental Rio-grandense
XANGRI LA,Xangri-lá,Porto Alegre,Tramandaí - Osório,Metropolitana de Porto Alegre
